{
  "resnet50": {
    "n": [
      21,
      43,
      86,
      129,
      172,
      215
    ],
    "mean": [
      0.7247379454926623,
      0.747099930118798,
      0.810691823899371,
      0.7918238993710691,
      0.8217330538085255,
      0.8439552760307476
    ],
    "std": [
      0.08041969284716913,
      0.033185404858182596,
      0.06618100328907531,
      0.007179081954640285,
      0.04423342085650481,
      0.042908765162923405
    ]
  },
  "dinov2": {
    "n": [
      21,
      43,
      86,
      129,
      172,
      215
    ],
    "mean": [
      0.773445143256464,
      0.7995108315863033,
      0.8254367575122293,
      0.7958770090845563,
      0.8067784765897974,
      0.8330538085255066
    ],
    "std": [
      0.05350299419521189,
      0.0548161796372091,
      0.03757022950963458,
      0.06772725160194792,
      0.021512743869795074,
      0.05692740774996144
    ]
  },
  "clip": {
    "n": [
      21,
      43,
      86,
      129,
      172,
      215
    ],
    "mean": [
      0.7027253668763103,
      0.7995108315863033,
      0.7842767295597485,
      0.8179594689028651,
      0.8217330538085255,
      0.8403913347309574
    ],
    "std": [
      0.09406212260154534,
      0.04955922421735067,
      0.05100829934643759,
      0.02654658004818884,
      0.05526290990035681,
      0.04723338625367771
    ]
  },
  "ensemble": {
    "n": [
      21,
      43,
      86,
      129,
      172,
      215
    ],
    "mean": [
      0.7769392033542977,
      0.7695317959468903,
      0.8477987421383647,
      0.8178895877009085,
      0.86638714185884,
      0.8626834381551362
    ],
    "std": [
      0.04831950351023598,
      0.05041656307882033,
      0.056293461421443765,
      0.03159171397601313,
      0.03134123216463067,
      0.03945039881557637
    ]
  }
}